1	1781204445034	dialogue	0.455	0.575	1	Пользователь: Создай план развития локального ИИ мозга	user,input
2	1781204445062	dialogue	0.450	0.497	1	ИИ: В памяти пока нет близкого опыта. Я разобью задачу на шаги: сохранить цель, найти похожий опыт, предложить действие, затем записать результат как новое знание.	assistant,output
3	1781205024311	dialogue	0.413	0.556	1	Пользователь: Создай план развития локального ИИ мозга	user,input
4	1781205024347	dialogue	0.450	0.572	1	ИИ: Похожее воспоминание: Пользователь: Создай план развития локального ИИ мозга Активная цель: ИИ: В памяти пока нет близкого опыта. Я разобью задачу на шаги: сохранить цель, найти похожий опыт, предложить действие, затем записать результат как новое знание.. План: 1. сохранить цель, 2. найти похожий опыт, 3. выполнить маленький шаг, 4. записать результат и feedback.	assistant,output
5	1781205024393	rule	0.700	0.810	1	Правило развития: длинные ответы нужно сжимать, если пользователь не просил детали.	principle,evolution,brevity
6	1781205130576	goal	0.900	0.940	1	Цель: учиться на обратной связи	goal,active
7	1781205130631	rule	0.820	0.819	0	Правило развития: для активной цели нужно предлагать следующий проверяемый шаг.	principle,evolution,goal
8	1781205130678	fact	0.780	0.681	0	Факт: пользователь хочет фундамент обучения	fact,user
9	1781205130724	feedback	0.950	0.963	1	Отрицательная обратная связь. слишком длинно	feedback,negative
10	1781205130756	rule	0.900	1.000	1	Правило развития: после отрицательной обратной связи нужно отвечать короче и задавать уточнение.	principle,evolution,feedback
